{"RPT":{"ScanTime":"0.00 sec.","ScanFile":"20190301_caldonbiotech_7e0bf1c62cfb7d231191_20190301170737_scan.json","Warnings":0,"Success":6},"SRV":{"PHP":{"websrv":true,"openbase":true,"maxtime":true,"mysqli":true,"version":true,"ALL":"Good"},"WP":{"version":true,"core":true,"ismu":false,"ALL":"Good"}},"ARC":{"Size":"0B","DirCount":"1","FileCount":"0","FullCount":"1","FilterDirsAll":["E:\/HostingSpaces\/raj\/andy1.ecommercewebstore.us\/wwwroot\/wp-content\/ai1wm-backups","E:\/HostingSpaces\/raj\/andy1.ecommercewebstore.us\/wwwroot\/wp-content\/backups-dup-pro","E:\/HostingSpaces\/raj\/andy1.ecommercewebstore.us\/wwwroot\/wp-content\/backupwordpress","E:\/HostingSpaces\/raj\/andy1.ecommercewebstore.us\/wwwroot\/wp-content\/cache","E:\/HostingSpaces\/raj\/andy1.ecommercewebstore.us\/wwwroot\/wp-content\/content\/cache","E:\/HostingSpaces\/raj\/andy1.ecommercewebstore.us\/wwwroot\/wp-content\/contents\/cache","E:\/HostingSpaces\/raj\/andy1.ecommercewebstore.us\/wwwroot\/wp-content\/infinitewp\/backups","E:\/HostingSpaces\/raj\/andy1.ecommercewebstore.us\/wwwroot\/wp-content\/managewp\/backups","E:\/HostingSpaces\/raj\/andy1.ecommercewebstore.us\/wwwroot\/wp-content\/old-cache","E:\/HostingSpaces\/raj\/andy1.ecommercewebstore.us\/wwwroot\/wp-content\/plugins\/all-in-one-wp-migration\/storage","E:\/HostingSpaces\/raj\/andy1.ecommercewebstore.us\/wwwroot\/wp-content\/updraft","E:\/HostingSpaces\/raj\/andy1.ecommercewebstore.us\/wwwroot\/wp-content\/uploads\/aiowps_backups","E:\/HostingSpaces\/raj\/andy1.ecommercewebstore.us\/wwwroot\/wp-content\/uploads\/backupbuddy_backups","E:\/HostingSpaces\/raj\/andy1.ecommercewebstore.us\/wwwroot\/wp-content\/uploads\/backupbuddy_temp","E:\/HostingSpaces\/raj\/andy1.ecommercewebstore.us\/wwwroot\/wp-content\/uploads\/ithemes-security\/backups","E:\/HostingSpaces\/raj\/andy1.ecommercewebstore.us\/wwwroot\/wp-content\/uploads\/mainwp\/backup","E:\/HostingSpaces\/raj\/andy1.ecommercewebstore.us\/wwwroot\/wp-content\/uploads\/pb_backupbuddy","E:\/HostingSpaces\/raj\/andy1.ecommercewebstore.us\/wwwroot\/wp-content\/uploads\/snapshots","E:\/HostingSpaces\/raj\/andy1.ecommercewebstore.us\/wwwroot\/wp-content\/uploads\/sucuri","E:\/HostingSpaces\/raj\/andy1.ecommercewebstore.us\/wwwroot\/wp-content\/uploads\/wp-clone","E:\/HostingSpaces\/raj\/andy1.ecommercewebstore.us\/wwwroot\/wp-content\/uploads\/wp_all_backup","E:\/HostingSpaces\/raj\/andy1.ecommercewebstore.us\/wwwroot\/wp-content\/uploads\/wpbackitup_backups","E:\/HostingSpaces\/raj\/andy1.ecommercewebstore.us\/wwwroot\/wp-content\/wfcache","E:\/HostingSpaces\/raj\/andy1.ecommercewebstore.us\/wwwroot\/wp-content\/wishlist-backup","E:\/HostingSpaces\/raj\/andy1.ecommercewebstore.us\/wwwroot\/wp-snapshots"],"FilterFilesAll":["error_log","error.log","debug_log","ws_ftp.log","dbcache","pgcache","objectcache",".DS_Store","E:\/HostingSpaces\/raj\/andy1.ecommercewebstore.us\/wwwroot\/.htaccess","E:\/HostingSpaces\/raj\/andy1.ecommercewebstore.us\/wwwroot\/web.config","E:\/HostingSpaces\/raj\/andy1.ecommercewebstore.us\/wwwroot\/wp-config.php"],"FilterExtsAll":[],"FilterInfo":{"Dirs":{"Warning":[],"Unreadable":[],"Core":["E:\/HostingSpaces\/raj\/andy1.ecommercewebstore.us\/wwwroot\/wp-snapshots","E:\/HostingSpaces\/raj\/andy1.ecommercewebstore.us\/wwwroot\/wp-content\/backups-dup-pro","E:\/HostingSpaces\/raj\/andy1.ecommercewebstore.us\/wwwroot\/wp-content\/ai1wm-backups","E:\/HostingSpaces\/raj\/andy1.ecommercewebstore.us\/wwwroot\/wp-content\/backupwordpress","E:\/HostingSpaces\/raj\/andy1.ecommercewebstore.us\/wwwroot\/wp-content\/content\/cache","E:\/HostingSpaces\/raj\/andy1.ecommercewebstore.us\/wwwroot\/wp-content\/contents\/cache","E:\/HostingSpaces\/raj\/andy1.ecommercewebstore.us\/wwwroot\/wp-content\/infinitewp\/backups","E:\/HostingSpaces\/raj\/andy1.ecommercewebstore.us\/wwwroot\/wp-content\/managewp\/backups","E:\/HostingSpaces\/raj\/andy1.ecommercewebstore.us\/wwwroot\/wp-content\/old-cache","E:\/HostingSpaces\/raj\/andy1.ecommercewebstore.us\/wwwroot\/wp-content\/plugins\/all-in-one-wp-migration\/storage","E:\/HostingSpaces\/raj\/andy1.ecommercewebstore.us\/wwwroot\/wp-content\/updraft","E:\/HostingSpaces\/raj\/andy1.ecommercewebstore.us\/wwwroot\/wp-content\/wishlist-backup","E:\/HostingSpaces\/raj\/andy1.ecommercewebstore.us\/wwwroot\/wp-content\/wfcache","E:\/HostingSpaces\/raj\/andy1.ecommercewebstore.us\/wwwroot\/wp-content\/cache","E:\/HostingSpaces\/raj\/andy1.ecommercewebstore.us\/wwwroot\/wp-content\/uploads\/aiowps_backups","E:\/HostingSpaces\/raj\/andy1.ecommercewebstore.us\/wwwroot\/wp-content\/uploads\/backupbuddy_temp","E:\/HostingSpaces\/raj\/andy1.ecommercewebstore.us\/wwwroot\/wp-content\/uploads\/backupbuddy_backups","E:\/HostingSpaces\/raj\/andy1.ecommercewebstore.us\/wwwroot\/wp-content\/uploads\/ithemes-security\/backups","E:\/HostingSpaces\/raj\/andy1.ecommercewebstore.us\/wwwroot\/wp-content\/uploads\/mainwp\/backup","E:\/HostingSpaces\/raj\/andy1.ecommercewebstore.us\/wwwroot\/wp-content\/uploads\/pb_backupbuddy","E:\/HostingSpaces\/raj\/andy1.ecommercewebstore.us\/wwwroot\/wp-content\/uploads\/snapshots","E:\/HostingSpaces\/raj\/andy1.ecommercewebstore.us\/wwwroot\/wp-content\/uploads\/sucuri","E:\/HostingSpaces\/raj\/andy1.ecommercewebstore.us\/wwwroot\/wp-content\/uploads\/wp-clone","E:\/HostingSpaces\/raj\/andy1.ecommercewebstore.us\/wwwroot\/wp-content\/uploads\/wp_all_backup","E:\/HostingSpaces\/raj\/andy1.ecommercewebstore.us\/wwwroot\/wp-content\/uploads\/wpbackitup_backups"],"Global":[],"Instance":[],"AddonSites":[]},"Files":{"Size":[],"Warning":[],"Unreadable":[],"Core":[],"Global":["error_log","error.log","debug_log","ws_ftp.log","dbcache","pgcache","objectcache",".DS_Store"],"Instance":[]},"Exts":{"Core":[],"Global":[],"Instance":[]},"UDirCount":0,"UFileCount":0,"UExtCount":0,"TreeSize":[],"TreeWarning":[]},"RecursiveLinks":[],"UnreadableItems":[],"Status":{"Size":"Good","Names":"Good","UnreadableItems":"Good","AddonSites":"Good"},"Dirs":["E:\/HostingSpaces\/raj\/andy1.ecommercewebstore.us\/wwwroot"],"Files":[]},"DB":{"Status":{"Success":true,"DB_Case":"Warn","DB_Rows":"Good","DB_Size":"Good","TBL_Case":"Good","TBL_Rows":"Good","TBL_Size":"Good"},"Size":"8.2MB","Rows":"3,076","TableCount":19,"TableList":{"wp_commentmeta":{"Case":0,"Rows":"0","Size":"48KB","USize":49152},"wp_comments":{"Case":0,"Rows":"0","Size":"96KB","USize":98304},"wp_duplicator_packages":{"Case":0,"Rows":"0","Size":"32KB","USize":32768},"wp_links":{"Case":0,"Rows":"0","Size":"32KB","USize":32768},"wp_options":{"Case":0,"Rows":"252","Size":"1.53MB","USize":1605632},"wp_postmeta":{"Case":0,"Rows":"2,055","Size":"528KB","USize":540672},"wp_posts":{"Case":0,"Rows":"556","Size":"5.47MB","USize":5734400},"wp_revslider_css":{"Case":0,"Rows":"109","Size":"128KB","USize":131072},"wp_revslider_layer_animations":{"Case":0,"Rows":"0","Size":"16KB","USize":16384},"wp_revslider_navigations":{"Case":0,"Rows":"0","Size":"16KB","USize":16384},"wp_revslider_sliders":{"Case":0,"Rows":"0","Size":"16KB","USize":16384},"wp_revslider_slides":{"Case":0,"Rows":"0","Size":"16KB","USize":16384},"wp_revslider_static_slides":{"Case":0,"Rows":"0","Size":"16KB","USize":16384},"wp_term_relationships":{"Case":0,"Rows":"65","Size":"32KB","USize":32768},"wp_term_taxonomy":{"Case":0,"Rows":"9","Size":"48KB","USize":49152},"wp_termmeta":{"Case":0,"Rows":"0","Size":"48KB","USize":49152},"wp_terms":{"Case":0,"Rows":"9","Size":"48KB","USize":49152},"wp_usermeta":{"Case":0,"Rows":"21","Size":"48KB","USize":49152},"wp_users":{"Case":0,"Rows":"0","Size":"64KB","USize":65536}},"RawSize":8601600},"LL":{"TotalSize":"8.2MB","Status":{"TotalSize":"Good"}}}